{"cameraMode":{"drawMode":0,"name":"Shaded","section":"Shading Mode"},"sceneLighting":true,"audioPlay":false,"sceneViewState":{"showFog":true,"showMaterialUpdate":false,"showSkybox":true,"showFlares":true,"showImageEffects":true,"showParticleSystems":true},"in2DMode":false,"pivot":{"x":4.928999900817871,"y":1.2209999561309815,"z":4.567999839782715},"rotation":{"x":-0.10022679716348648,"y":-0.19164463877677918,"z":0.019667712971568109,"w":-0.9762268662452698},"size":3.8423728942871095,"orthographic":true}