{"cameraMode":{"drawMode":0,"name":"Shaded","section":"Shading Mode"},"sceneLighting":true,"audioPlay":false,"sceneViewState":{"showFog":true,"showMaterialUpdate":false,"showSkybox":true,"showFlares":true,"showImageEffects":true,"showParticleSystems":true},"in2DMode":false,"pivot":{"x":-0.168701171875,"y":1.4990234375,"z":1.7363471984863282},"rotation":{"x":-0.11763754487037659,"y":-0.6550840139389038,"z":0.10422791540622711,"w":-0.7391651272773743},"size":1.5663326978683472,"orthographic":true}