{"cameraMode":{"drawMode":0,"name":"Shaded","section":"Shading Mode"},"sceneLighting":true,"audioPlay":false,"sceneViewState":{"showFog":true,"showMaterialUpdate":false,"showSkybox":true,"showFlares":true,"showImageEffects":true,"showParticleSystems":true},"in2DMode":false,"pivot":{"x":4.928999900817871,"y":1.2209999561309815,"z":4.567999839782715},"rotation":{"x":0.34389162063598635,"y":-0.03682217001914978,"z":0.013559340499341488,"w":0.9382924437522888},"size":1.2137742042541505,"orthographic":true}